来源库,题名,作者,单位,文献来源,摘要,发表时间,年份,DOI,基金,全文链接,语言,来源文件,citing_paper,cited_paper,cited_title,stage1_status,stage1_reason
,Source-load joint forecasting of office building electro-thermal,"Liu, HX",,,"Accurate forecasting of the source-load supply-demand relationship in integrated energy systems (IES) is essential for optimizing energy dispatch and improving operational efficiency. Independent source-load forecasting disrupts the supply-demand integrity, while static integration strategies fail to adaptively adjust model weights, limiting prediction accuracy. To address these issues, this study proposes a joint forecasting method for electro-thermal IES. The Unified Information Coefficient (UIC) is first used to identify highly relevant input features and reduce redundant information. Then, an MFCNN-BiLSTM-CBAM hybrid framework is developed to extract multi-scale temporal features and enhance focus on critical patterns. On this basis, a multi-task learning (MTL) approach is introduced to enable low-level feature sharing and adaptive loss weighting for jointly forecasting electrical load, thermal load, and renewable energy output. Furthermore, a dynamic optimal ensemble strategy employs a Multi-Layer Perceptron (MLP) to adjust base learner weights in real time. Experiments on a solar-assisted combined heat and power system in an office building in Xi'an, China show that the proposed method outperforms independent forecasting and static integration strategies, achieving mean absolute percentage errors (MAPE) of 1.07%, 1.05%, and 1.21% in winter, summer, and transition seasons, respectively, demonstrating strong accuracy and robustness.",,2026.0,10.1080/15435075.2025.2563145,,,english,raw_data（wos).csv,10.1080/15435075.2025.2563145,10.3390/SU172411158,A Three-Stage Hybrid Learning Framework for Sustainable Multi-Energy Load Forecasting in Park-Level Integrated Energy Systems,uncertain,E4 - 时间不符 / Out of range
外文期刊,A Data Prediction and Physical Simulation Coupled Method for Quantifying Building Adjustable Margin,Bangpeng Xie;Liting Zhang;Wenkai Zhao;Yiming Yuan;Xiaoyi Chen;Xiao Luo;Chaoran Fu;Jiayu Wang;Fanyue Qian;Yongwen Yang;Sen Lin,State Grid Shanghai Pudong Electric Power Supply Company; Shanghai 200122; China;College of Energy and Mechanical Engineering; Shanghai University of Electric Power; Shanghai 200090; China,Buildings,,2025/12/30,2025.0,10.3390/buildings16010170,"This research was funded by the technology project of State Grid Shanghai Municipal Electric Power Company in China, grant number SGSHPD00ZSJS2413049.",,english,CNKI-20260327180524663.csv,10.3390/BUILDINGS16010170,10.16628/j.cnki.2095-8188.2025.11.006,基于ADKDE-LSTM的变电站短期负荷功率区间预测研究,exclude,E1 - 非本主题 / Not relevant; E3 - 方法不符 / Method mismatch
外文期刊,A Three-Stage Hybrid Learning Framework for Sustainable Multi-Energy Load Forecasting in Park-Level Integrated Energy Systems,Zhenlan Dou;Shuangzeng Tian;Fanyue Qian;Yongwen Yang,State Grid Shanghai Electric Power Company; Shanghai 200120; China;College of Energy and Mechanical Engineering; Shanghai University of Electric Power; Shanghai 200090; China,Sustainability,,2025/12/12,2025.0,10.3390/su172411158,This project is supported by the Artificial Empowerment Research Leap Plan of the Shanghai Municipal Education Commission in China (No. Z2024-117).,,english,CNKI-20260327180524663.csv,10.3390/SU172411158,10.27034/d.cnki.ggxiu.2025.000594,考虑共享储能与综合需求响应协同的多区域风光微电网优化调度研究,exclude,E1 - 非本主题 / Not relevant; E3 - 方法不符 / Method mismatch
外文期刊,"AI-driven smart grid optimization for hospital energy systems integrating renewable generation, predictive maintenance, and resilient infrastructure",Md Tanjil Sarker;Gobbi Ramasamy;Marran Al Qwaid;Md Sabbir Hossen;Md. Golam Sadeque,Centre for Electric Energy and High Voltage; CoE for Robotics and Sensing Technologies; Faculty of Artificial Intelligence and Engineering;Multimedia University;63100;Cyberjaya;Malaysia;Department of Computer Science; College of Computing and Information Technology;Shaqra University;11961;Shaqra;Saudi Arabia;Department of Electrical and Electronics Engineering;Pabna University of Science and Technology;6600;Pabna;Bangladesh,Scientific Reports,,2025/12/29,2025.0,10.1038/s41598-025-28907-5,Multimedia University,,english,CNKI-20260327180524663.csv,10.1038/S41598-025-28907-5,10.26914/c.cnkihy.2025.077503,人工智能在电力负荷预测中的应用研究,exclude,E1 - 非本主题 / Not relevant; E3 - 方法不符 / Method mismatch
外文期刊,DBSRad‐LSTM: DBSCAN Clustering for Load Forecasting in Microgrids Using Radial LSTM,Fazli khuda;Gan Zengkang;Razaz Waheeb Attar;Tariq Hussain;Khalid Zaman;Chen Wei;Majad Mansoor;Rahat Ullah;Salman Khan,Institute of Intelligent Manufacturing Technology;Shenzhen Polytechnic University;Shenzhen;Guangdong;China;Abasyn University Peshawar;Peshawar;KPK;Pakistan;Department of Management; College of Business Administration;Princess Nourah bint Abdulrahman University;Riyadh;Saudi Arabia;School of Computer Science and Technology;Zhejiang Gongshang University;Hangzhou;China;Shenzhen Institute of Advanced Technology;Chinese Academy of Sciences;Shenzhen;China;Department of Electrical Engineering;Federal Urdu University of Arts; Science; and Technology;Islamabad;Pakistan;School of Energy and Electrical Engineering;Changan University;Xian;Shaanxi;China,IET Renewable Power Generation,,2025/12/12,2025.0,10.1049/rpg2.70162,Princess Nourah bint Abdulrahman University Researchers Supporting Project(PNURSP2025R343);Key Area Special Project of Guangdong Provincial Department of Education(6022210111K);Post‐doctoral Foundation Project of Shenzhen Polytechnic University(6024331021K);Department of Education of Guangdong Province(2024GCZX014),,english,CNKI-20260327180524663.csv,10.1049/RPG2.70162,一种双阶段电力数据异常分析模型,一种双阶段电力数据异常分析模型,include,
外文期刊,Demand response for efficient power generation in smart grids using hyper–local weather prediction,Faraz Shaikh;Hasan Ali Khattak;Hasan Sohaib Alavi;Haleem Farman;Moustafa M. Nasralla,School of Electrical Engineering and Computer Science (SEECS); National University of Sciences and Technology (NUST); Islamabad; Pakistan;Department of Engineering; University of Perugia; Perugia; Umbria; Italy;School of Computer; Data & Mathematical Sciences; Western Sydney University; Sydney; NSW; Australia;Beyond Engineering NL BV; Harderwijk Gelderland; Netherlands;Smart Systems Engineering Lab; Communications and Networks Engineering Department; College of Engineering; Prince Sultan University; Riyadh; Saudi Arabia,Cogent Engineering,,2025/12/31,2025.0,10.1080/23311916.2025.2555341,"This article is derived from a research grant funded by the Research, Development, and Innovation Authority (RDIA)-Kingdom of Saudi Arabia-with grant number (13292-psu-2023-PSNU-R-3-1-EF-).;Research, Development, and Innovation Authority (RDIA)-Kingdom of Saudi Arabia(13292-psu-2023-PSNU-R-3-1-EF-)",,english,CNKI-20260327180524663.csv,10.1080/23311916.2025.2555341,10.27763/d.cnki.gahgc.2024.000190,基于多目标优化算法的电力系统优化调度研究,exclude,E1 - 非本主题 / Not relevant; E3 - 方法不符 / Method mismatch
外文期刊,Design of a hybrid learning model for establishing consistency in smart grid environment,S. Mahendran;B. Gomathy,Department of Electronics and Communication Engineering;KGiSL Institute of Technology;Coimbatore;Tamil Nadu;India;Department of Computer Science and Engineering;PSG Institute of Technology and Applied Research;Coimbatore;Tamil Nadu;India,Scientific Reports,,2025/12/29,2025.0,10.1038/s41598-025-28986-4,,,english,CNKI-20260327180524663.csv,10.1038/S41598-025-28986-4,10.1016/j.energy.2025.137454,Designing personalized incentive-based demand response services based on,exclude,E1 - 非本主题 / Not relevant; E3 - 方法不符 / Method mismatch
,Designing personalized incentive-based demand response services based on,"Qin, CX",,,"During peak demand or urgency periods, power systems may face challenges due to insufficient electricity supply. One practical approach to addressing this issue is incentive-based demand response (IBDR). In this approach, residential customers participate in the IBDR programs by preemptively signing contracts with load aggregators (LAs) and adjusting their electricity consumption during peak periods in exchange for incentive subsidies. This paper proposes a method for designing personalized IBDR services by analyzing electricity consumption data and solving a multi-objective optimization problem. We analyze smart meter data using an adaptive K-means clustering algorithm combined with a fuzzy system to understand customers' electricity consumption preferences. Additionally, we employ a stacked biGRU-biLSTM model with an attention mechanism for load forecasting to understand electricity usage during responsive periods. Subsequently, we introduce a multi-objective optimization model aimed at maximizing the response quantity while simultaneously mitigating customer discomfort and reducing the operational costs of LAs. Following this, the NSGA-III-DE algorithm is employed to design personalized IBDR services for enhanced participation and implementation effectiveness. In the numerical simulations, we observe that by offering personalized IBDR services, LA's electricity procurement expenditures were successfully reduced by 50%. Moreover, there was a significant increase in residential customers' enthusiasm to participate in the demand response program, with a response rate reaching 85% of the total potential. These results clearly demonstrate the effectiveness of the proposed method.",,2025.0,10.1016/j.energy.2025.137454,,,english,raw_data（wos).csv,10.1016/j.energy.2025.137454,10.19912/j.0254-0096.tynxb.2023-1790,考虑分时电价下基于改进蛇算法的混合能源微电网群低碳经济优化调度研究,include,
外文期刊,ICEEMDAN- and LSTM-Enhanced Hybrid Cosine-Attention iTransformer for Ultra-Short-Term Load Forecasting,Xiangdong Meng;Jiarui Wang;Dexin Li;Haifeng Zhang;Qiran Sun;Hui Wang,State Grid Jilin Electric Power Research Institute; Changchun 130021; China;State Grid Jilin Electric Power Co.; Ltd.; Changchun 130021; China;School of Electrical Engineering and Information Technology; Changchun Institute of Technology; Changchun 130012; China,Electronics,,2025/12/10,2025.0,10.3390/electronics14244857,This project was funded by Jilin Province’s ‘Land Scenic Three Gorges’ high-quality development major science and technology project-park-level multi-microgrid system participating in key technology research projects for grid-friendly interaction (project number: 20230303003SF).,,english,CNKI-20260327180524663.csv,10.3390/ELECTRONICS14244857,10.27029/d.cnki.ggdgu.2025.001070,新能源微电网群多尺度鲁棒动态调控研究,exclude,E1 - 非本主题 / Not relevant
外文期刊,Intelligent Electricity Consumption Prediction for Smart Home Based on BiLSTM‐Attention,Qinghai Li;Li Zhu;Minghu Zha;Tao Hu,College of Intelligent Science and Engineering;Hubei Minzu University;Enshi;China;hbmy.edu.cn;Hubei Engineering Research Center of Selenium Food Nutrition and Health Intelligent Technology;College of Intelligent Science and Engineering;Hubei Minzu University;Enshi;China;hbmy.edu.cn,International Journal of Distributed Sensor Networks,,2025/12/15,2025.0,10.1155/dsn/7868626,Natural Science Foundation of Hubei Province(2025AFD161);Outstanding Youth Science and Technology Innovation Team Project for Colleges and Universities of Hubei Province of China(T2023013);Hubei Engineering Research Center of Selenium Food Nutrition and Health Intelligent Technology(PT082302),,english,CNKI-20260327180524663.csv,10.1155/DSN/7868626,10.19769/j.zdhy.2025.24.043,电力调度中多源数据融合的智能决策系统构建与应用,exclude,E1 - 非本主题 / Not relevant
外文期刊,Load forecasting based on CEEMDAN-SE-xLSTM-Transformer,Lei Tian;Chengshen Lao;Zhanhao Yang,School of Electronic Engineering;Xi’an University of Posts and Telecommunications;West Chang’an Street;710121;Xi’an;Shaanxi;China,The Journal of Supercomputing,,2025/12/29,2025.0,10.1007/s11227-025-08149-y,Key Research and Development Program of Shaanxi Program;Science and Technology Project of Xi'an city;Natural Science Basic Research Program of Shaanxi;Scientific Research Program of Shaanxi Provincial Education Department,,english,CNKI-20260327180524663.csv,10.1007/S11227-025-08149-Y,10.1080/23311916.2025.2555341,Demand response for efficient power generation in smart grids using hyper–local weather prediction,exclude,E1 - 非本主题 / Not relevant
外文期刊,Measuring Peak Shaving Efficiency of an Energy Storage Device Under Load Uncertainty with Machine Learning-Based Forecasting Techniques,Lidor Goldshmidt;Tom Dovlekaev;Ram Machlev,The Andrew and Erna Viterbi Faculty of Electrical and Computer Engineering; Technion—Israel Institute of Technology; Haifa 3200003; Israel,Energies,,2025/12/22,2025.0,10.3390/en19010061,,,english,CNKI-20260327180524663.csv,10.3390/EN19010061,10.27753/d.cnki.gcqgx.2025.001522,考虑需求侧响应的微电网经济优化调度研究,exclude,E1 - 非本主题 / Not relevant; E3 - 方法不符 / Method mismatch
外文期刊,Optimizing electricity demand forecasting with a novel RNN-LSTM hybrid model,Y?ld?r?m ?züpak;Shuhratjon Mansurov,Silvan Vocational School; Dicle University; Diyarbak?r; Türkiye;Department of Renewable Energy Resources; Dicle University; Diyarbak?r; Türkiye,"Energy Sources, Part B: Economics, Planning, and Policy",,2025/12/31,2025.0,10.1080/15567249.2025.2531448,,,english,CNKI-20260327180524663.csv,10.1080/15567249.2025.2531448,10.19912/j.0254-0096.tynxb.2023-1790,考虑分时电价下基于改进蛇算法的混合能源微电网群低碳经济优化调度研究,exclude,E1 - 非本主题 / Not relevant
,Parallel Multi-Model Energy Demand Forecasting with Cloud Redundancy:,"Baesmat, KH",,,"In this work, we present a novel approach for predicting short-term electrical energy consumption. Most energy consumption methods work well for their case study datasets. The proposed method utilizes a cloud computing platform that allows for integrating information from different sources, such as weather data and historical energy consumption, while employing machine learning techniques to achieve higher accuracy in forecasting. We collected detailed weather data from the ""Weather Underground Company"" website, known for its accurate records. Then, we studied past energy consumption data provided by PJM (focusing on DEO&K, which serves Cincinnati and northern Kentucky) and identified features that significantly impact energy consumption. We also introduced a processing step to ensure accurate predictions for holidays. Our goal is to predict the next 24 h of load consumption. We developed a hybrid, generalizable forecasting methodology with deviation correction. The methodology is characterized by fault tolerance due to distributed cloud deployment and an introduced voting mechanism. The proposed approach improved the accuracy of LSTM, SARIMAX, and SARIMAX + SVM, with MAPE values of 5.17%, 4.21%, and 2.21% reduced to 1.65%, 1.00%, and 0.88%, respectively, using our CM-LSTM-DC, CM-SARIMAX-DC, and CM-SARIMAX + SVM-DC models.",,2025.0,10.3390/forecast7020025,,,english,raw_data（wos).csv,10.3390/forecast7020025,10.27123/d.cnki.ghlju.2025.001668,基于联邦强化学习的微电网储能调度方法的研究与应用,exclude,E1 - 非本主题 / Not relevant
外文期刊,Research on explainable BiGRU deep learning framework for short term load forecasting in smart power systems,Zhiwei Wang;Mengzhou Xu;Jingchang Hao;Wei Li;Shiyao Cheng,State Grid Customer Service Center Marketing Business Support Center;100000;Beijing;China,Discover Artificial Intelligence,,2025/12/22,2025.0,10.1007/s44163-025-00696-w,,,english,CNKI-20260327180524663.csv,10.1007/S44163-025-00696-W,10.1016/j.rineng.2024.102766,Transforming smart homes via P2P energy trading using robust forecasting,include,
外文期刊,Short‐Term Residential Load Forecasting With FG‐LSTM‐TA: A Hybrid Deep Learning Approach Integrating Feature Gating and Temporal Attention for Enhanced Prediction Accuracy,Mehdi Mohammadian Mehr;Hossein Farzin;Elaheh Mashhour,Department of Electrical Engineering;Faculty of Engineering; Shahid Chamran University of Ahvaz;Ahvaz;Iran,Engineering Reports,,2025/12/23,2025.0,10.1002/eng2.70570,"Research Council of Shahid Chamran University of Ahvaz, Iran(SCU.EE1404.37219)",,english,CNKI-20260327180524663.csv,10.1002/ENG2.70570,融合VMD-MPC算法的多微电网能量调度技术优化,融合VMD-MPC算法的多微电网能量调度技术优化,exclude,E1 - 非本主题 / Not relevant
硕士,人工智能在电力负荷预测中的应用研究,王兴隆,遂平中南院能源开发有限公司河南驻马店平顶垛风电场;,2025中国建筑经济研讨会科技与管理分论坛论文集,"新型电力系统建设深入推进,新能源大规模并网、电动汽车充电负荷的随机性增强以及需求侧响应机制的引入,给传统电力负荷预测方法带来了严峻挑战,时间序列模型和统计回归这些传统的方法很难有效捕捉电力负荷与气象、经济等因素间复杂的非线性关系,人工智能技术具备的强大的数据驱动和模式识别能力,为电力负荷预测开辟了新路径。本文梳理了人工智能在电力负荷预测领域的发展历程,探讨了不同模型在短期、超短期和中长期预测中的适用性与优缺点,重点分析了AI模型在数据预处理、特征工程、模型构建与评估等实际应用中的关键环节,并结合案例对比了AI模型与传统方法的性能差异,发现AI模型在预测精度上有明显提升。同时,也对实际应用中面临的数据质量、模型的可解释性、系统集成等挑战以及未来可能的优化发展方向进行了研究,希望能为相关的工程实践提供有益的参考。",2025/12/5,2025.0,10.26914/c.cnkihy.2025.077503,,,english,raw_data(CNKI).csv,10.26914/c.cnkihy.2025.077503,基于标准化麻雀搜索算法的微电网调度研究,基于标准化麻雀搜索算法的微电网调度研究,exclude,E3 - 方法不符 / Method mismatch
期刊,基于ADKDE-LSTM的变电站短期负荷功率区间预测研究,包育德;邱润韬;许博智,广东电网广州供电局,电器与能效管理技术,"针对变电站短期负荷预测中非线性适应差、区间估计不准的问题，提出一种自适应扩散核密度估计与长短期记忆网络(ADKDE-LSTM)融合的区间预测方法。融合历史负荷与气象数据，通过ADKDE方法分析误差分布，结合LSTM建模时序特征，构建95%置信水平的预测区间。基于某220 kV变电站数据的实验表明，模型在4个数据集的平均预测区间覆盖率(PICP)达0.914,预测区间宽度(PIAW)较对比模型降低20%～30%。所提方法能精准量化负荷不确定性，为电网规划提供可靠区间预测支撑。",2025/11/30,2025.0,10.16628/j.cnki.2095-8188.2025.11.006,国家自然科学基金资助项目(52307080),,chinese,raw_data(CNKI).csv,10.16628/j.cnki.2095-8188.2025.11.006,基于标准化麻雀搜索算法的微电网调度研究,基于标准化麻雀搜索算法的微电网调度研究,include,
期刊,基于ITFT模型的中期电力负荷概率预测,王仕龙;刘军;刘云祥;吕堂峰,国网江西省电力有限公司九江分公司,电工材料,"可再生能源规模化并网进程的加速，导致电力系统调度复杂度与不确定性呈指数级增长。相较于确定性负荷预测模型，概率预测能有效量化负荷不确定性，提升系统可观可测能力。由于传统时序融合Transformer(TFT)模型直接应用于中期负荷概率预测时，存在难以有效捕捉负荷间复杂时序依赖关系、模型训练耗时长以及现有方法无法确保分位数预测间序关系数学严谨性等技术瓶颈，本文构建了改进时序融合Transformer分位数回归模型（Interpretable Temporal Fusion Transformer,ITFT）。首先，基于负荷日周期律将时序重构为面板数据，将时刻点编码为静态特征标识符增强可解释性；其次，采用GRU门控单元替代LSTM实现架构轻量化；最后，在模型损失函数中引入反映分位数间约束关系及预测区间锐度的评价指标，有效规避了分位数交叉，并生成更紧致的预测区间。试验表明，ITFT模型显著提升了中期负荷概率预测的精度与可靠性。",2025/12/20,2025.0,10.16786/j.cnki.1671-8887.eem.2025.06.009,湖北省自然科学基金联合基金（2022CFD167）,,chinese,raw_data(CNKI).csv,10.16786/j.cnki.1671-8887.eem.2025.06.009,10.1007/S11227-025-08149-Y,Load forecasting based on CEEMDAN-SE-xLSTM-Transformer,include,
硕士,基于VMD-IPO-CNN-ATT-BiLSTM混合模型的短期电力负荷预测,于金鹏,沈阳农业大学,沈阳农业大学,"对未来某一时期的负荷开展精准预测对于电网稳定运行、提升电网经营效益等方面具有重要作用。本文考虑到需求侧所消耗电能具有显著的波动性和复杂性特点,采用变分模态分解技术（Variational Mode Decomposition,VMD）对原始数据进行处理,以卷积神经网络（Convolutional Neural Network,CNN）提取输入数据的特征,以双向长短期记忆网络（Bi-Directional Long Short-Term Memory,BiLSTM）构建样本数据的预测模型,并采用改进美洲狮算法（Improved Puma Optimizer,IPO）优化CNN和BiLSTM的超参数,同时在模型中引入注意力机制（Attention Mechanism,ATT）从而构建得出VMD-IPO-CNN-ATT-BiLSTM组合模型,将其应用于辽宁省某市短期负荷预测中,取得了理想效果。本文主要研究内容如下:（1）结合辽宁省某市在典型日下的真实负荷数据对影响负荷的多种因素进行深入分析,得出需求侧耗电量的变化规律和外界因素对负荷的影响效果。考虑到原始数据集中存在的缺失值和异常值情况,提出突变异常数值识别方法,并采用线性插值法对缺失数据进行补充,采用水平、垂直处理方法修正异常值。通过Pearson相关系数法筛选影响负荷的主要因素。（2）研究CNN和BiLSTM神经网络的原理和数据处理过程,并采用CNN提取样本数据中的特征信息,进一步采用ATT调整样本特征的输入权重,在此基础上采用BiLSTM对输入样本开展训练,构建CNN-ATT-BiLSTM组合预测模型。以辽宁某市的真实数据为例,分别采用CNN、LSTM、CNN-ATT-LSTM和CNN-ATT-BiLSTM模型对该算例开展应用分析,结果显示CNN-ATT-BiLSTM模型的均方根误差（Root Mean Square Error,RMSE）、平均绝对百分误差（Mean Absolute Percentage Error,MAPE）和决定系数（Coefficient of Determination,R2）均达到了最小值,表明该模型在挖掘和处理复杂负荷数据特征中的应用优势。（3）为进一步提升模型的预测效果,在PO算法中引入动态递减惯性权重与收敛因子、速度调整因子,融合Levy飞行与混沌初始化策略得出改进的IPO算法,用于优化模型超参数。并将VMD技术应用于原始数据的处理当中,从而构建VMD-IPO-CNN-ATT-BiLSTM组合模型。将该算法应用于辽宁某市的真实案例中,所得结果证明该模型在不同日类型、不同季节以及不同分解方式下所得均方根误差、平均绝对百分误差和决定系数均低于CNN-ATT-BiLSTM和IPO-CNN-ATT-BiLSTM模型,从而证明了其实用价值。",2025/12/1,2025.0,10.27327/d.cnki.gshnu.2025.001911,,,english,raw_data(CNKI).csv,10.27327/d.cnki.gshnu.2025.001911,10.26926/d.cnki.gbfgu.2024.000792,考虑源荷预测的改进多目标粒子群微电网优化调度研究,include,
期刊,基于VMD-SE-CNN-BiLSTM的电动汽车充电负荷短期预测,吴方权;李斯琦;胡骏涵;汤成佳;邹建业,贵州电网有限责任公司信息中心;北京科东电力控制系统有限责任公司,电力系统保护与控制,"近年来，随着电动汽车保有量的快速增长，准确预测电动汽车充电负荷已成为电网规划和充电设施优化的重要研究课题。针对传统预测方法难以处理负荷数据复杂非线性特征和多因素动态影响的问题，提出了一种基于数据预处理、结合变分模态分解-样本熵(variational mode decomposition-sample entropy, VMD-SE)数据重构和卷积神经网络-双向长短期记忆网络(convolutional neural network-bidirectional long short-term memory, CNN-BiLSTM)深度学习框架的充电负荷预测模型。首先，利用高斯混合模型-K最近邻(Gaussian mixture model-K-nearest neighbor,GMM-KNN)方法检测并填补数据中的异常值和缺失值，提升数据质量。然后，采用VMD对负荷数据进行分解，并通过SE筛选重要模态重构信号以提取多尺度特征。最后，结合CNN和BiLSTM模型，构建混合深度学习框架，捕捉负荷的局部特征和时序依赖关系以实现准确预测。实验结果表明，该方法在多季节负荷预测中表现出较高的精度和鲁棒性，显著优于传统方法，为电动汽车充电负荷预测提供了有效解决方案。",2025/11/16,2025.0,10.19783/j.cnki.pspc.241701,南方电网公司科技项目资助(066700KC23100032)“电动汽车有序充电需求响应潜力分析及优化运营技术”~~,,chinese,raw_data(CNKI).csv,10.19783/j.cnki.pspc.241701,基于数字孪生和TCN-BiLSTM的电力系统短期负荷预测研究,基于数字孪生和TCN-BiLSTM的电力系统短期负荷预测研究,include,
期刊,基于人工智能的配电网负荷预测技术设计与应用研究,陈文;罗洋;孔王莺;王正用,国网西藏电力有限公司昌都供电公司;浙江华云电力工程设计咨询有限公司,电工技术,,2025/12/10,2025.0,10.19768/j.cnki.dgjs.2025.23.039,,,english,CNKI-20260327180524663.csv,10.19768/j.cnki.dgjs.2025.23.039,10.1016/j.rineng.2024.102766,Transforming smart homes via P2P energy trading using robust forecasting,exclude,E3 - 方法不符 / Method mismatch
硕士,基于合作博弈的风光储微电网群能量管理研究,余政德,安徽理工大学,安徽理工大学,,2025/6/6,2025.0,10.26918/d.cnki.ghngc.2025.001579,,,english,CNKI-20260327180524663.csv,10.26918/d.cnki.ghngc.2025.001579,基于联邦Dueling DQN的基站微电网能量与计算资源联合调度,基于联邦Dueling DQN的基站微电网能量与计算资源联合调度,exclude,E1 - 非本主题 / Not relevant; E3 - 方法不符 / Method mismatch
硕士,基于强化学习的微电网能源优化调度,陈一铭,杭州电子科技大学,杭州电子科技大学,,2025/5/1,2025.0,10.27075/d.cnki.ghzdc.2025.001900,,,english,CNKI-20260327180524663.csv,10.27075/d.cnki.ghzdc.2025.001900,10.3390/BUILDINGS16010170,A Data Prediction and Physical Simulation Coupled Method for Quantifying Building Adjustable Margin,exclude,E1 - 非本主题 / Not relevant; E3 - 方法不符 / Method mismatch
期刊,基于改进哈里斯鹰算法的多能源微电网智能优化调度,周咏;朱星阳;赵伟;赵杨阳;王彬彬;丁一帆,国网(苏州)城市能源研究院有限责任公司,能源与环保,,2025/3/25,2025.0,10.19389/j.cnki.1003-0506.2025.03.034,国家电网公司科技项目(CEKY23095),,chinese,CNKI-20260327180524663.csv,10.19389/j.cnki.1003-0506.2025.03.034,10.1080/23311916.2025.2555341,Demand response for efficient power generation in smart grids using hyper–local weather prediction,exclude,E1 - 非本主题 / Not relevant; E3 - 方法不符 / Method mismatch
期刊,基于粒子群算法的微电网调度研究分析,马莉;陈旭东;郗皓;武雪青;王沛;哈丽米热·热依木江,昌吉学院能源与控制工程学院,电工技术,,2025/7/25,2025.0,10.19768/j.cnki.dgjs.2025.14.035,2023年新疆维吾尔自治区教育厅高校科研计划项目“基于深度学习的风电功率超短期预测研究”(编号XJEDU2023P129);;2024年昌吉学院能源与控制工程学院自治区级大学生创新创业训练计划项目“基于粒子群算法的微电网调度研究分析”(编号S202410997023),,chinese,CNKI-20260327180524663.csv,10.19768/j.cnki.dgjs.2025.14.035,10.13535/j.cnki.10-1507/n.2024.15.30,基于多能互补的微电网调度策略研究,exclude,E1 - 非本主题 / Not relevant; E3 - 方法不符 / Method mismatch
硕士,基于联邦强化学习的微电网储能调度方法的研究与应用,王齐,黑龙江大学,黑龙江大学,,2025/3/27,2025.0,10.27123/d.cnki.ghlju.2025.001668,,,english,CNKI-20260327180524663.csv,10.27123/d.cnki.ghlju.2025.001668,10.19725/j.cnki.1007-2322.2024.0085,计及混合储能单元多重异构特性的微电网调度策略研究,exclude,E1 - 非本主题 / Not relevant; E3 - 方法不符 / Method mismatch
期刊,基于金豺优化核极限学习机和信号分解重构的短期电力负荷预测方法研究,苏爱文,沈阳农业大学,沈阳农业大学,"随着电力系统规模不断扩大和用电结构日趋复杂,电力负荷呈现出显著的非线性和强波动性特征,精准的短期负荷预测对保障电力系统安全稳定运行和经济调度具有重要意义。然而,传统预测方法在应对高度非线性、时变性负荷数据时存在预测精度偏低、模型适应性不强等问题,且多数研究仅提供确定性预测结果,无法量化预测不确定性。为此,本文构建并优化确定性及不确定性预测模型,以提升短期电力负荷预测的准确性和可靠性,研究主要内容如下:针对原始负荷数据存在异常值、缺失值和特征冗余等问题,提出完整的数据预处理流程。首先,采用拉伊达准则检测异常值,运用加权均值法进行异常值替换,利用牛顿插值法填补缺失数据;然后,通过皮尔逊相关系数法分析各特征变量与负荷序列的关联程度,筛选出气温、相对湿度、地面温度和临近变压器负荷作为主要输入特征;最后,采用Min-Max标准化方法对数据进行归一化处理,为后续建模提供高质量的数据基础。传统核极限学习机(KELM)参数选择的随机性限制了其预测性能,为解决此问题,提出金豺优化算法(GJO)优化KELM的组合预测模型。该方法通过模拟金豺群体狩猎行为,实现对KELM核函数参数的智能寻优,有效避免了人工调参的主观性和陷入局部最优的风险。实验结果表明,GJO-KELM模型在周负荷、工作日负荷和休息日负荷预测中均取得优异效果,相比传统BP、SVM、ELM、LSTM等方法,预测精度显著提升。考虑到原始负荷序列的复杂性和非平稳特征,提出基于改进的自适应噪声完备集合经验模态分解(ICEEMDAN)与排列熵(PE)重构的组合预测模型。首先,运用ICEEMDAN算法将原始负荷序列分解;然后,通过排列熵分析各分量的复杂度特征,将分解分量重构为高频、中频和低频三类信号;最后,结合GJO-KELM模型分别对各重构分量进行预测并叠加得到最终结果。在实际电力系统调度中,确定性预测无法提供不确定性信息,难以满足风险评估需求。鉴于此,在确定性预测基础上,构建基于Bootstrap的负荷区间预测模型。通过对历史预测残差进行有放回抽样,构建误差分布的经验累积函数,在80%、90%、95%不同置信水平下生成预测区间。实验结果显示,该方法在各置信水平下均能获得满足统计要求的区间预测结果,预测区间覆盖率均达到理论期望值以上,为电网调度提供了更全面的决策信息。",2025/12/1,2025.0,10.27327/d.cnki.gshnu.2025.001912,,,english,raw_data(CNKI).csv,10.27327/d.cnki.gshnu.2025.001912,面向智能化的智慧园区微电网调度优化方法,面向智能化的智慧园区微电网调度优化方法,include,
期刊,基于需求响应的微电网调度策略研究与应用,司文旭;伍俊霖;武明科,安科瑞电气股份有限公司;泸州老窖股份有限公司,现代建筑电气,,2025/6/30,2025.0,10.16618/j.cnki.1674-8417.2025.06.001,,,english,CNKI-20260327180524663.csv,10.16618/j.cnki.1674-8417.2025.06.001,10.19457/j.1001-2095.dqcd24909,基于峰谷电价与储能SOC状态的微电网能量调度策略研究,exclude,E1 - 非本主题 / Not relevant; E3 - 方法不符 / Method mismatch
期刊,基于风光荷预测与DFT-MP-DBN建模的主动配电网可靠性评估,牟晋麟;杨超,贵州大学电气工程学院,电子测量技术,,2025/12/23,2025.0,10.19651/j.cnki.emt.2519013,2025年科技成果转化联合基金(黔科合成果LH[2025]重点014)项目资助,,chinese,CNKI-20260327180524663.csv,10.19651/j.cnki.emt.2519013,10.1038/S41598-025-28986-4,Design of a hybrid learning model for establishing consistency in smart grid environment,exclude,E1 - 非本主题 / Not relevant; E3 - 方法不符 / Method mismatch
硕士,多元不确定性下微电网能量管理的研究,肖国威,广东工业大学,广东工业大学,,2025/5/24,2025.0,10.27029/d.cnki.ggdgu.2025.002295,,,english,CNKI-20260327180524663.csv,10.27029/d.cnki.ggdgu.2025.002295,10.5152/electrica.2024.22107,Short-Term Electricity Consumption Forecasting at Residential Level,exclude,E1 - 非本主题 / Not relevant; E3 - 方法不符 / Method mismatch
硕士,多策略改进白鲨算法的风光氢储微电网优化调度,李练兵;高一波;代亮亮;高国强,河北工业大学人工智能与数据科学学院;河北工业大学省部共建电工装备可靠性与智能化国家重点实验室,华中科技大学学报(自然科学版),针对含制氢系统的微电网能量管理和优化调度问题，将系统经济性和供电可靠性作为目标函数，提出一种基于分解机制的多策略改进白鲨优化算法(IMOWSO/D)以实现多目标优化调度．分析并建立了包含风机、光伏、储能装置和碱性电解槽的制氢系统模型，制定约束条件和运行策略并采用MOWSO/D对制氢系统调度求解帕累托最优解集．为验证方法的可行性，与未改进的多目标白鲨优化算法(MOWSO)和非劣排序遗传算法Ⅱ(NSGA-Ⅱ)进行对比，在各算法帕累托前沿折衷点，所提方法经济性成本分别降低2 773元和1 371元，表明所提方法优化效果更好，具有一定的应用价值．,2025/3/14 8:59,2025.0,10.13245/j.hust.250644,河北省省级科技计划资助项目(20312102D),,chinese,raw_data(CNKI).csv,10.13245/j.hust.250644,10.26926/d.cnki.gbfgu.2024.000792,考虑源荷预测的改进多目标粒子群微电网优化调度研究,exclude,E1 - 非本主题 / Not relevant; E3 - 方法不符 / Method mismatch
硕士,新能源微电网群多尺度鲁棒动态调控研究,徐家文,广东工业大学,广东工业大学,,2025/5/25,2025.0,10.27029/d.cnki.ggdgu.2025.001070,国家自然科学基金面上项目“新能源高渗透异质多尺度综合能源微网群分布式状态估计及安全域约束随机预测控制研究”(62273104);;,,chinese,CNKI-20260327180524663.csv,10.27029/d.cnki.ggdgu.2025.001070,10.3390/forecast7020025,Parallel Multi-Model Energy Demand Forecasting with Cloud Redundancy:,exclude,E1 - 非本主题 / Not relevant; E3 - 方法不符 / Method mismatch
期刊,新能源系统负荷预测优化模型研究,方坤;林宇;赵金娥;钟瑞艳;侯化澎,山东能源集团景泰盛鲁新能源有限公司;云鼎科技股份有限公司,中国新技术新产品,基于机器学习的负荷预测优化模型在新能源电力系统中的应用价值重大，针对新能源发电的波动性和不确定性问题，本文构建一个长短期记忆网络（LSTM）与卷积神经网络（CNN）联合的混合模型，采用深度特征提取与时空融合方式，精准判定负荷变化规律。采用多源数据群组，包含历史负荷、电网运行相关参数和气象资讯，开展针对模型的训练和验证，有效提高了预测精度以及计算效率。试验结果说明，模型能在复杂工况下维持较高的稳定性，推动新能源电力系统调度优化水平提升，具有较强的实用意义和推广前景。,2025/11/25,2025.0,10.13612/j.cnki.cntp.2025.22.001,,,english,raw_data(CNKI).csv,10.13612/j.cnki.cntp.2025.22.001,10.26914/c.cnkihy.2025.077503,人工智能在电力负荷预测中的应用研究,include,
硕士,波浪发电系统功率预测与微电网调度优化,钟卓玲,广东工业大学,广东工业大学,,2025/5/24,2025.0,10.27029/d.cnki.ggdgu.2025.000906,国家自然科学基金(62173148);;,,chinese,CNKI-20260327180524663.csv,10.27029/d.cnki.ggdgu.2025.000906,10.1038/S41598-025-28907-5,"AI-driven smart grid optimization for hospital energy systems integrating renewable generation, predictive maintenance, and resilient infrastructure",exclude,E1 - 非本主题 / Not relevant; E3 - 方法不符 / Method mismatch
期刊,电力调度中多源数据融合的智能决策系统构建与应用,杨日尧,国网山西省电力有限公司大同供电分公司,自动化应用,为了提升复杂电网环境下调度响应的时效性与准确性，构建多源数据融合的智能决策系统，研究融合异构数据，通过图神经网络与LSTM模型实现状态预测与调度辅助生成，设计多层系统架构与可视化交互机制。分析结果表明，该系统在频率控制、负荷预测与预警响应等任务中显著优于传统方案，具备较强的工程实用性与推广价值。,2025/12/25,2025.0,10.19769/j.zdhy.2025.24.043,,,english,raw_data(CNKI).csv,10.19769/j.zdhy.2025.24.043,10.3390/EN19010061,Measuring Peak Shaving Efficiency of an Energy Storage Device Under Load Uncertainty with Machine Learning-Based Forecasting Techniques,include,
硕士,考虑共享储能与综合需求响应协同的多区域风光微电网优化调度研究,刘凌志,广西大学,广西大学,,2025/6/1,2025.0,10.27034/d.cnki.ggxiu.2025.000594,,,english,CNKI-20260327180524663.csv,10.27034/d.cnki.ggxiu.2025.000594,10.1002/ENG2.70570,Short‐Term Residential Load Forecasting With FG‐LSTM‐TA: A Hybrid Deep Learning Approach Integrating Feature Gating and Temporal Attention for Enhanced Prediction Accuracy,exclude,E1 - 非本主题 / Not relevant; E3 - 方法不符 / Method mismatch
期刊,考虑分时电价下基于改进蛇算法的混合能源微电网群低碳经济优化调度研究,李宏玉;续海宝;张浪;周刚,东北石油大学电气信息工程学院;中国石油集团长城钻探工程有限公司四川页岩气项目部,太阳能学报,,2025/4/5,2025.0,10.19912/j.0254-0096.tynxb.2023-1790,,,english,CNKI-20260327180524663.csv,10.19912/j.0254-0096.tynxb.2023-1790,基于深度学习的电网负荷预测与调度优化研究,基于深度学习的电网负荷预测与调度优化研究,exclude,E1 - 非本主题 / Not relevant; E3 - 方法不符 / Method mismatch
期刊,考虑用户侧共享储能的山区微电网优化调度策略,符林贝;王海生;李中中;马立红;周航;张昌俊;崔建钊,海南电网有限责任公司海南能源发展研究院,浙江电力,,2025/6/25,2025.0,10.19585/j.zjdl.202506005,国家重点研发计划（2021YFB1507100）,,chinese,CNKI-20260327180524663.csv,10.19585/j.zjdl.202506005,基于标准化麻雀搜索算法的微电网调度研究,基于标准化麻雀搜索算法的微电网调度研究,exclude,E1 - 非本主题 / Not relevant; E3 - 方法不符 / Method mismatch
硕士,考虑需求侧响应的微电网经济优化调度研究,李明倩,重庆理工大学,重庆理工大学,,2025/3/13,2025.0,10.27753/d.cnki.gcqgx.2025.001522,,,english,CNKI-20260327180524663.csv,10.27753/d.cnki.gcqgx.2025.001522,10.16618/j.cnki.1674-8417.2025.06.001,基于需求响应的微电网调度策略研究与应用,exclude,E1 - 非本主题 / Not relevant; E3 - 方法不符 / Method mismatch
期刊,能源气候韧性下用电敏感行业识别与负荷预测,韦于思;周颖;商永朋;武亚杰;嵇灵,中国电力科学研究院有限公司;北京工业大学经济与管理学院,煤炭经济研究,在碳中和与极端气候双重背景下，提升区域电力系统对气象扰动的适应能力与高耗能行业的韧性管理，已成为能源安全的重要课题。构建了一个融合特征提取与模型优化的集成预测框架，首先，利用统一信息系数识别与气象高度相关的敏感型行业；随后，结合变分模态分解与样本熵技术提取负荷序列特征，并通过灰色关联分析筛选关键气象变量，构建高相关输入特征集；最后，基于长短期记忆神经网络对各模态序列建模并集成，实现日最大负荷预测。以山东省非金属矿物制品业为例，实证结果显示，该方法在预测精度、趋势拟合与极值响应方面均优于对比模型，具备良好的稳健性与泛化能力。,2025/11/28,2025.0,10.13202/j.cnki.cer.2025.11.028,国家电网公司总部科技项目（5400-202455314A-1-3-ZB）,,chinese,raw_data(CNKI).csv,10.13202/j.cnki.cer.2025.11.028,10.27034/d.cnki.ggxiu.2025.000594,考虑共享储能与综合需求响应协同的多区域风光微电网优化调度研究,exclude,E3 - 方法不符 / Method mismatch
,A Distributed-MPC Framework for Voltage Control Under Discrete Time-Wise,"Hossain, RR",,,"This article presents a distributed predictive design for real-time voltage control under changing load and generation profiles at discrete intervals. The existing control designs include centralized approach, providing an optimal solution but less scalable and susceptible to single-point failures/attacks, as well as decentralized or localized approach, having increased scalability and attack resilience but lacking optimality. The proposed distributed solution offers the attractive features of both approaches, where the neighboring nodes share their local information to attain an optimal solution while retaining scalability and resilience to single-point failures/attacks. We first introduce the centralized version of the voltage control problem assuming grid observability and then transfer it to the distributed versions based on both bus-wise and area-wise decompositions of the network. The distributed version is solved via alternating direction method of multipliers (ADMM) that, for bus-wise decomposition, needs a full set of local measurements, whereas only a partial set of local measurements (that guarantee area-wise grid observability for each area) is needed for area-wise decomposition, along with neighbor-to-neighbor communications. Additionally, leveraging the availability of measurement data, the framework includes a distributed method to estimate the admittance matrix $\mathbf {Y}$ of the underlying network graph. The proposed framework is validated against IEEE-30, IEEE-57 bus transmission systems, and IEEE-123 bus distribution systems and can tolerate certain levels of generation/load prediction uncertainties, modeling errors, and communication failures; plus, its in-built redundancy supports attack detection.",,2024.0,10.1109/tpwrs.2023.3266763,,,english,raw_data（wos).csv,10.1109/TPWRS.2023.3266763,基于深度学习的电力输配电线路节能降耗技术研究,基于深度学习的电力输配电线路节能降耗技术研究,exclude,E1 - 非本主题 / Not relevant; E3 - 方法不符 / Method mismatch
,Short-Term Electricity Consumption Forecasting at Residential Level,"Banga, A",,,"The need for electricity has increased as the population, electrical appliances, electric cars, and industrialization have grown. Therefore, an accurate short-term electricity forecasting is required because it is helpful in day-to-day scheduling activities of utility companies like transmission and generation of electric energy. It can make the power grid safe, reduce electricity production costs, and fulfil user needs and economic and environment benefits. A single model may not be able to solve the electricity consumption problem because it contains linear and non-linear data. In this study, a two-phase hybrid machine learning model is developed for electricity utilisation prediction at a residential level. In the first phase, two algorithms, namely extreme gradient-boosting and linear regression are combined to learn the trend, seasonality, randomness, and cyclic components of the data. In the second phase, a voting ensemble model optimized is applied considering the best three models from 11 baseline models and weight parameter of the models is optimized using genetic algorithm. The developed model outperformed all models (baseline and state-of-the-art) considering four performance parameters over the individual household electric power consumption dataset. The proposed model has given Mean Squared Error (MSE) value of 0.025, Room Mean Squared Error (RMSE) value of 0.162, Mean Absolute Error (MAE) value of 0.129, and Mean Absolute Percentage Error (MAPE) value of 15.61 on a daily-level dataset. The proposed model has given a 0.159 MSE value, 0.387 RMSE value, 0.283 MAE value, and 25.07 MAPE value on an hourly-level dataset. Analysis of variance one-way statistical test is applied to show that results are statistically significant.",,2024.0,10.5152/electrica.2024.22107,,,english,raw_data（wos).csv,10.5152/electrica.2024.22107,10.16628/j.cnki.2095-8188.2025.11.006,基于ADKDE-LSTM的变电站短期负荷功率区间预测研究,exclude,E1 - 非本主题 / Not relevant; E3 - 方法不符 / Method mismatch
,Transforming smart homes via P2P energy trading using robust forecasting,"Raza, A",,,"With the advent of smart grids, advanced information infrastructures, advanced metering facilities, bidirectional exchange of information, and battery storage home area networks have all transformed the electricity consumption and energy efficiency. There is a significant shift in the energy management structure from the traditional centralized infrastructure to the flexible demand side driven cyber-physical power systems with clean energy and energy storage system. These changes have significantly evolved the home energy management (HEM) space. Consequently, stakeholders must define their responsibilities, create efficient regulatory frameworks, and test out novel commercial strategies. P2P energy trading appears to be a feasible solution in these circumstances, allowing users to trade electricity with one another before becoming completely reliant on the utility. P2P energy trading offers a more stable platform for energy trade by facilitating the exchange of energy between prosumers and consumers. This research proposes a novel demand and generation prediction techniques of P2P HEMS for optimal energy using the Multi-Objective Optimization model. An enhanced Wild Horse Optimization technique was first used to summarize historical records' qualities. Then, the Bi-LSTM is used to predict the demand and generation values. Furthermore, a Grasshopper optimization (GHO) approach is employed to fine-tune the model's hyperparameters. The P2P HEMS demand and generation prediction framework is offered with a probabilistic and fault evaluation that upholds load flow balance between need and supply for continuous operations. It results in an intelligent community transforming cities into smart ones, opening new avenues for scientific research in terms of technological developments.",,2024.0,10.1016/j.rineng.2024.102766,,,english,raw_data（wos).csv,10.1016/j.rineng.2024.102766,一种双阶段电力数据异常分析模型,一种双阶段电力数据异常分析模型,exclude,E1 - 非本主题 / Not relevant
硕士,基于多目标优化算法的电力系统优化调度研究,阚绪状,安徽工程大学,安徽工程大学,,2024/5/23,2024.0,10.27763/d.cnki.gahgc.2024.000190,,,english,CNKI-20260327180524663.csv,10.27763/d.cnki.gahgc.2024.000190,10.19768/j.cnki.dgjs.2025.14.035,基于粒子群算法的微电网调度研究分析,exclude,E1 - 非本主题 / Not relevant; E3 - 方法不符 / Method mismatch
期刊,基于多能互补的微电网调度策略研究,彭枭萌;陈耀;陈晨;齐昊,国电南瑞南京控制系统有限公司;能拓能源股份有限公司;南京国瑞能源科技有限公司,中国高新科技,,2024/8/10,2024.0,10.13535/j.cnki.10-1507/n.2024.15.30,,,english,CNKI-20260327180524663.csv,10.13535/j.cnki.10-1507/n.2024.15.30,10.1080/23311916.2025.2555341,Demand response for efficient power generation in smart grids using hyper–local weather prediction,exclude,E1 - 非本主题 / Not relevant; E3 - 方法不符 / Method mismatch
期刊,基于峰谷电价与储能SOC状态的微电网能量调度策略研究,刘亚伟;关朋;孙陆楠;王春辉;王淏,天津电气科学研究院有限公司,电气传动,,2024/12/16,2024.0,10.19457/j.1001-2095.dqcd24909,天津电气科学研究院有限公司创新基金（GE2023ZL002）,,chinese,CNKI-20260327180524663.csv,10.19457/j.1001-2095.dqcd24909,10.16183/j.cnki.jsjtu.2024.184,面向集装箱船能量管理的船舶微电网全航程经济调度策略,exclude,E1 - 非本主题 / Not relevant; E3 - 方法不符 / Method mismatch
硕士,基于混合储能系统微电网模型的容量配置及实时优化调度研究,杨澳,贵州大学,贵州大学,,2024/5/1,2024.0,10.27047/d.cnki.ggudu.2024.003176,,,english,CNKI-20260327180524663.csv,10.27047/d.cnki.ggudu.2024.003176,10.13202/j.cnki.cer.2025.11.028,能源气候韧性下用电敏感行业识别与负荷预测,exclude,E1 - 非本主题 / Not relevant; E3 - 方法不符 / Method mismatch
硕士,并网微电网多目标优化调度及求解算法研究,任甜甜,西安理工大学,西安理工大学,,2024/6/30,2024.0,10.27398/d.cnki.gxalu.2024.000658,,,english,CNKI-20260327180524663.csv,10.27398/d.cnki.gxalu.2024.000658,10.16786/j.cnki.1671-8887.eem.2025.06.009,基于ITFT模型的中期电力负荷概率预测,exclude,E1 - 非本主题 / Not relevant; E3 - 方法不符 / Method mismatch
硕士,考虑源荷预测的改进多目标粒子群微电网优化调度研究,杨晓静,北方工业大学,北方工业大学,,2024/6/5,2024.0,10.26926/d.cnki.gbfgu.2024.000792,,,english,CNKI-20260327180524663.csv,10.26926/d.cnki.gbfgu.2024.000792,10.16618/j.cnki.1674-8417.2025.06.001,基于需求响应的微电网调度策略研究与应用,exclude,E1 - 非本主题 / Not relevant; E3 - 方法不符 / Method mismatch
期刊,风-光-柴-储微电网能量管理的日前优化调度策略分析,万炜兴;周龙;谢丽蓉;包洪印;张琦,新疆大学可再生能源发电与并网技术教育部工程研究中心;中船海为(新疆)新能源有限公司,太阳能,,2024/10/30,2024.0,10.19911/j.1003-0417.tyn20231115.01,"新疆重大科技专项(2022A1001-1,2022A01007-4);;新疆风-光-柴-储微电网工程技术研究中心(2022062420)",,chinese,CNKI-20260327180524663.csv,10.19911/j.1003-0417.tyn20231115.01,10.27029/d.cnki.ggdgu.2025.001070,新能源微电网群多尺度鲁棒动态调控研究,exclude,E1 - 非本主题 / Not relevant; E3 - 方法不符 / Method mismatch
期刊,计及混合储能单元多重异构特性的微电网调度策略研究,周航;苗世洪;王廷涛;何立钢;虞天航,强电磁技术全国重点实验室(华中科技大学),现代电力,,2025/7/15 15:45,,10.19725/j.cnki.1007-2322.2024.0085,国家电网有限公司科技项目(5419-202320786A-3-8-KJ),,chinese,CNKI-20260327180524663.csv,10.19725/j.cnki.1007-2322.2024.0085,基于大数据分析的电力调度自动化负荷预测模型研究,基于大数据分析的电力调度自动化负荷预测模型研究,exclude,E1 - 非本主题 / Not relevant; E3 - 方法不符 / Method mismatch; E4 - 时间缺失 / Year missing
期刊,面向集装箱船能量管理的船舶微电网全航程经济调度策略,王萧博;贾勇勇;朱鑫要;李铮,国网江苏省电力有限公司电力科学研究院,上海交通大学学报,,2024/9/3 11:44,,10.16183/j.cnki.jsjtu.2024.184,,,english,CNKI-20260327180524663.csv,10.16183/j.cnki.jsjtu.2024.184,10.19912/j.0254-0096.tynxb.2023-1790,考虑分时电价下基于改进蛇算法的混合能源微电网群低碳经济优化调度研究,exclude,E1 - 非本主题 / Not relevant; E3 - 方法不符 / Method mismatch; E4 - 时间缺失 / Year missing
期刊,一种双阶段电力数据异常分析模型,刘浩;高明海;俞文帅;季溢贤;刘立运;黄金贤;耿斌;王彬,国网镇江供电公司,兵工自动化,,2025/12/15,2025.0,nan,,,chinese,CNKI-20260327180524663.csv,一种双阶段电力数据异常分析模型,10.1002/ENG2.70570,Short‐Term Residential Load Forecasting With FG‐LSTM‐TA: A Hybrid Deep Learning Approach Integrating Feature Gating and Temporal Attention for Enhanced Prediction Accuracy,exclude,E1 - 非本主题 / Not relevant; E3 - 方法不符 / Method mismatch
期刊,人工智能技术在10 kV配电网设计中的应用,陈景越,广东顺德电力设计院有限公司,通讯世界,"以广东省某中等城市新开发城区的10 kV配电网建设项目为研究对象，旨在解决传统设计方法在负荷预测、路径规划、设备选型与容量配置及图纸评审中的精度不足与适应性弱等问题，提出基于长短期记忆（long short-term memory, LSTM）与极限梯度提升（extreme gradient boosting, XGBoost）融合的配电网负荷智能预测模型构建、基于图神经网络（graph neural networks, GNN）的配电网馈线智能规划模型构建、基于多目标协同优化的配电网设备选型与容量配置、数字孪生平台集成与可视化评审等策略，以期为智能配电网全生命周期设计提供技术范式。",2025/11/25,2025.0,nan,,,english,raw_data(CNKI).csv,人工智能技术在10 kV配电网设计中的应用,10.1002/ENG2.70570,Short‐Term Residential Load Forecasting With FG‐LSTM‐TA: A Hybrid Deep Learning Approach Integrating Feature Gating and Temporal Attention for Enhanced Prediction Accuracy,include,
期刊,基于云计算的电力系统短期负荷预测研究,李白,国网河南省电力公司商丘供电公司,电气技术与经济,本研究提出了一种基于云计算平台的电力系统短期负荷预测方法。通过采用LSTM-SVR混合模型，结合支持向量回归（SVR）的非线性特征映射与长短期记忆网络（LSTM）的时序建模能力，显著提升了负荷预测精度。研究中采用K-fold交叉验证评估模型性能并进行仿真分析，结果表明，LSTM-SVR模型在多个评估指标（MSE、RMSE、MAE）上均优于传统的ARIMA、SVR及单独的LSTM模型，提升幅度达到15%～20%。同时，云计算平台基于ApacheHadoop与Spark的分布式计算能力，加速了模型的训练过程，最终实验结果表明，所提方法不仅提高了预测精度，而且具备较强的实时响应能力，适用于电力系统的负荷调度与优化。,2025/11/25,2025.0,nan,,,english,raw_data(CNKI).csv,基于云计算的电力系统短期负荷预测研究,10.27029/d.cnki.ggdgu.2025.002295,多元不确定性下微电网能量管理的研究,include,
期刊,基于分布式优化算法的电力系统负荷预测方法,罗小蕾,河南费曼电力技术有限公司,电气技术与经济,,2025/12/25,2025.0,nan,,,chinese,CNKI-20260327180524663.csv,基于分布式优化算法的电力系统负荷预测方法,基于火用损能效评估的多能耦合微电网双层协同优化方法,基于火用损能效评估的多能耦合微电网双层协同优化方法,exclude,E3 - 方法不符 / Method mismatch
期刊,基于大数据分析的电力调度自动化负荷预测模型研究,胡阳,国网陕西省电力有限公司汉中供电公司,技术与市场,,2025/12/15,2025.0,nan,,,chinese,CNKI-20260327180524663.csv,基于大数据分析的电力调度自动化负荷预测模型研究,10.27029/d.cnki.ggdgu.2025.001070,新能源微电网群多尺度鲁棒动态调控研究,exclude,E1 - 非本主题 / Not relevant; E3 - 方法不符 / Method mismatch
期刊,基于数字孪生和TCN-BiLSTM的电力系统短期负荷预测研究,李强;陈又咏;韩泽华;蔡清远;程凯,国网信息通信产业集团有限公司;福建亿榕信息技术有限公司,电气自动化,"准确的电力负荷预测为电力系统规划和运行提供了可靠的决策支持。为提高电力负荷预测的准确性，提出了一种结合了两个时间卷积网络、两个双向长短期记忆和注意力机制的混合模型。通过将外部因素和电力负载整合为多变量时间序列来促进短期电力负荷预测性能。试验结果表明，与卷积-门控递归单元相比，时空卷积-双向长短期记忆-注意力机制的平均绝对误差、均方根误差和平均绝对百分比误差分别降低了54.22%、51.05%和47.17%,准确率和拟合度分别提高了3.42%和15.40%。所提模型提高了预测性能。",2025/11/30,2025.0,nan,国网信通产业集团统筹立项项目(546811230021),,chinese,raw_data(CNKI).csv,基于数字孪生和TCN-BiLSTM的电力系统短期负荷预测研究,10.1155/DSN/7868626,Intelligent Electricity Consumption Prediction for Smart Home Based on BiLSTM‐Attention,include,
外文期刊,基于深度学习-强化学习联合算法的电力调度信息化择优决策,白桂君;张静,国网青海省电力公司信息通信公司,信息技术与信息化,针对现有决策方法在应用到电力调度中，存在消纳率过低，造成能源过度浪费的问题，文章开展了一种基于深度学习-强化学习联合算法的电力调度信息化择优决策研究。通过构建双向长短期记忆网络负荷预测模型精准捕捉源荷时序特征，结合改进近端策略优化算法动态优化调度策略，实现电力系统安全约束、经济运行与可再生能源消纳的多目标协同优化。通过专家策略预训练与强化学习在线调参的联合训练流程，提升算法收敛速度。通过对比实验证明，相较于现有决策方法，新的方法在不同可再生能源出力场景下均表现出更强的适应性，特别是在高波动工况中能有效平衡系统安全性与消纳率。,2025/12/25,2025.0,nan,,,english,raw_data(CNKI).csv,基于深度学习-强化学习联合算法的电力调度信息化择优决策,10.16628/j.cnki.2095-8188.2025.11.006,基于ADKDE-LSTM的变电站短期负荷功率区间预测研究,exclude,E3 - 方法不符 / Method mismatch
期刊,基于深度学习的电力输配电线路节能降耗技术研究,祁晓飞,华电甘肃能源有限公司,电气技术与经济,,2025/12/25,2025.0,nan,,,chinese,CNKI-20260327180524663.csv,基于深度学习的电力输配电线路节能降耗技术研究,10.1002/ENG2.70570,Short‐Term Residential Load Forecasting With FG‐LSTM‐TA: A Hybrid Deep Learning Approach Integrating Feature Gating and Temporal Attention for Enhanced Prediction Accuracy,exclude,E1 - 非本主题 / Not relevant; E3 - 方法不符 / Method mismatch
期刊,基于深度学习的电网负荷预测与调度优化研究,林昊,滁州明光市供电公司,信息化研究,,2025/12/20,2025.0,nan,,,chinese,CNKI-20260327180524663.csv,基于深度学习的电网负荷预测与调度优化研究,10.19768/j.cnki.dgjs.2025.14.035,基于粒子群算法的微电网调度研究分析,exclude,E3 - 方法不符 / Method mismatch
期刊,基于火用损能效评估的多能耦合微电网双层协同优化方法,史家驹;杨祺铭;刘达夫;赵若轩;李明昊;陈晨,电工材料电气绝缘全国重点实验室(西安交通大学);国网上海市电力公司浦东供电公司;国家电网有限公司西南分部,电力需求侧管理,,2025/7/15,2025.0,nan,国家自然科学基金项目（52377122）,,chinese,CNKI-20260327180524663.csv,基于火用损能效评估的多能耦合微电网双层协同优化方法,10.27034/d.cnki.ggxiu.2025.000594,考虑共享储能与综合需求响应协同的多区域风光微电网优化调度研究,exclude,E1 - 非本主题 / Not relevant; E3 - 方法不符 / Method mismatch
期刊,面向智能化的智慧园区微电网调度优化方法,刘博,国电南瑞科技股份有限公司,智慧中国,,2025/7/25,2025.0,nan,,,chinese,CNKI-20260327180524663.csv,面向智能化的智慧园区微电网调度优化方法,基于深度学习-强化学习联合算法的电力调度信息化择优决策,基于深度学习-强化学习联合算法的电力调度信息化择优决策,exclude,E1 - 非本主题 / Not relevant; E3 - 方法不符 / Method mismatch
期刊,基于标准化麻雀搜索算法的微电网调度研究,陈文君,国网河南省电力公司新乡县供电公司,中国品牌与防伪,,2024/12/18,2024.0,nan,,,chinese,CNKI-20260327180524663.csv,基于标准化麻雀搜索算法的微电网调度研究,10.19912/j.0254-0096.tynxb.2023-1790,考虑分时电价下基于改进蛇算法的混合能源微电网群低碳经济优化调度研究,exclude,E1 - 非本主题 / Not relevant; E3 - 方法不符 / Method mismatch
期刊,融合VMD-MPC算法的多微电网能量调度技术优化,徐振;关亚飞;任靖玮;马骁兵,国网安徽省电力有限公司淮北供电公司,粘接,,2024/4/15,2024.0,nan,,,chinese,CNKI-20260327180524663.csv,融合VMD-MPC算法的多微电网能量调度技术优化,基于联邦Dueling DQN的基站微电网能量与计算资源联合调度,基于联邦Dueling DQN的基站微电网能量与计算资源联合调度,exclude,E1 - 非本主题 / Not relevant; E3 - 方法不符 / Method mismatch
期刊,基于联邦Dueling DQN的基站微电网能量与计算资源联合调度,黎海涛;高文浩;杨艳红;谢冬雪;乔禄,北京工业大学信息科学技术学院;中国科学院电工研究所,电力信息与通信技术,,2025/6/30 8:48,,nan,国家重点研发计划项目(2024YFB0115700),,chinese,CNKI-20260327180524663.csv,基于联邦Dueling DQN的基站微电网能量与计算资源联合调度,10.13245/j.hust.250644,多策略改进白鲨算法的风光氢储微电网优化调度,exclude,E1 - 非本主题 / Not relevant; E3 - 方法不符 / Method mismatch; E4 - 时间缺失 / Year missing
